Name,Antisense_oligo,Tm,N_targets,Wcards
oligo_001,TTCCTCCGCTTAGTAATATGCTTAAATTCAGCGGGTCGCC,70.1,1,0
oligo_002,ATTCGGCGCTGGGCTCTTCCCTCTTCACTCGCCGTTACTG,79.8,1,0
oligo_003,CGGTCTCCCGTACGCCACATTTCCCGCGCCCGCCGCGCG,81,1,0
oligo_004,GGCCTAACACCGTCCGCGGGCTGGGCCTCGATCAGAAGGA,77.9,1,0
oligo_005,GCTTTGGGCTGCATTCACAAACAACCCGACTCCGAGGAGA,70.3,1,0
oligo_006,CTTTCCCTTACGGTACTTGTCCGCTATCGGTCTCGTGCCG,77,1,0
oligo_007,ACGGACCCCACCCGTTTACCTCTTAACGGTTTCACGCCCT,75.6,1,0
oligo_008,CGGCCGGCGCCCCGCCGGGTTGAATCCTCCGGGCGGACCG,82,1,0
oligo_009,CGTGAGGGGAAGGGGCAGGCGGGGGGGTCCGCTGAGTGG,82.4,1,0
oligo_010,CGGAGGAAATGCGCCCTGCGGGGGCCGGGGGCCGTCCGG,81,1,0
oligo_011,TGAACCCCTGGGCCTTCCCAGCCGACCCGGAGCCGGTCG,82.2,1,0
oligo_012,ACGGCGAGTGCTGCTGCCTGGGGGGGGGCTGTAACGCCG,81.5,1,0
oligo_013,GGGAGGCGGGACGGGACGGTTCCGGGGTAGAGAGGCCGCG,80,1,0
oligo_014,CGTTTGACAGCCGCGCCGGGAGCGGGGGGCCCCGTCCCC,85.7,1,0
oligo_015,CGGCGGCGCGGCGCGGCTGGGGCGCACTGAGGGCAGTCCG,83.9,1,0
oligo_016,TTCAAGACGGGTCGGGTGGGACACCGACATCGCCGCGGAC,73.7,1,0
oligo_017,TTCATTGCGCCACAGGGTTTCGCGCAGAGTCCCTCCGACT,79,1,0
oligo_018,CGAAGGGGGGGGCGGCGGGATCCCACCTCAGCCGGGGCG,82.4,1,0
oligo_019,CGCTCACGCTCCACCTCCCCGACGGTGCGGGCGAGACGGG,80.1,1,0
oligo_020,CTGGCTTCGCCCTGCCCAGGCATAGTTCACCATCTTTCG,79.7,1,0
oligo_021,CGCCCCTATACCCAGGTCGGACGACCGATTTGCACGTCAG,74.5,1,0
oligo_022,GAGACGAGCGCCAGCTATCCTGAGGGAAACTTCGGAGGGA,72,1,0
oligo_023,TAGGTTGAGATCGTTTCGGCCCCAAGACCTCTAATCATTC,70.3,1,0
oligo_024,CCCGGCTCCAAGCCAGCGAGCCGGGCTTCTTACCCATTTA,79.8,1,0
oligo_025,CGTTCGGTTCATCCCGCAGCGCCAGTTCTGCTTACCAAAA,73.5,1,0
oligo_026,CCTGCTGTCTATATCAACCAACACCTTTTCTGGGGTCTGA,72.1,1,0
oligo_027,CAGGGCTAGTTGATTCGGCAGGTGAGTTGTTACACACTCC,74.9,1,0
oligo_028,CCCCGCGGACTGACCCAGTGCCGGCGACGGCCGGGTATG,79.9,1,0
oligo_029,CTTCCGCGCCCACCGCGGCGGCCCTCCTACTCGTCGCGG,83.5,1,0
oligo_030,GAATATTTGCTACTACCACCAAGATCTGCACCCGCGGCGG,70,1,0
oligo_031,CCGACTGACCCATGTTCAACTGCTGTTCACATGGAACCCT,71.6,1,0
oligo_032,TTTCGATCGGCCGAGGGCGACGGAGGCCATCGCCCGTCCC,79.9,1,0
oligo_033,CCCGTCTCCGCCACTCCGGGTTCGGGGATCTGAACCCGA,79.5,1,0
oligo_034,GATCGGTCGCGTTGCCGCACTGGACGCCCCCGCCCCCCC,85.5,1,0
oligo_035,TCCAGGGCGGCCCTGCCCTTCACAAAGAAAAGAGAACTCT,70.3,1,0
oligo_036,GAGCTCACCGGACGCCGCCGGAACCGCGACGCTTTCCAAG,74.2,1,0
oligo_037,CTGCTGCGGATATGGGTACGGCCCGGCGCGAGATTTACAC,73.6,1,0
oligo_038,ACGGATCTGACTTGCCGACTTCCCTTACCTACATTGTTCT,72.1,1,0
oligo_039,CCCCAGCCCGACCGACCCAGCCCTTAGAGCCAATCCTTA,79.9,1,0
oligo_040,CGGGAGGAGGGAGGCCGCCGGGGCGCCTCGTCCAGCCGCG,85.2,1,0
oligo_041,CGCTCCCGTCCCCCCCGGGTGGGGGGGCCGAGAGAGAGG,86.8,1,0
oligo_042,GAAGGGCCCGGCGCGCGTCCAGAGTCGCCGCCGCCGGCG,83.1,1,0
oligo_043,GGCGACGGGGGAGGCGCCGGAGGGGACGGCGCGGGGAAGA,79.3,1,0
oligo_044,CGCCGGGCCCCGCACCCGCCGCTCCGTCCCCCGCGAGGG,87.6,1,0
oligo_045,CTGGTCCGCACCAGTTCTAAGTCAGCTGCTAGGCGCCGG,79.9,1,0
oligo_046,AAATCACATCGCGTCAACACCCGCCTCGGGCCTTCGCGAT,72.3,1,0
oligo_047,CATAGTTACTCCCGCCGTTTACCCGCGCTTCATTGAATTT,70.8,1,0
oligo_048,GCGCGTCACTAATTAGATGACGAGGCATTTGGCTACCTT,68.5,1,0
oligo_049,GCCCGTTCCCTTGGCTGTGGTTTCGCTAGATAGTAGGTAG,79.3,1,0
oligo_050,TCATGTCTCTTCACAGTTGCAGACTAGAGTCAAGCTCAAC,70.4,1,0
oligo_051,GAGTAGTGGTATTTCACCGGCGGCGCCCCTTTGCGGCGAG,78.9,1,0
oligo_052,CCTCGGGGCTCGCCCCCCCGCCTCACCGGGTAAGTGAAAA,79.1,1,0
oligo_053,CCCGGCGCGGGGCCGGGCGCTTGGGTCCAGAAGCGAGAG,81.4,1,0
oligo_054,CGTTACGGTTTGACAGGTGTACCGCCCCAGTCAAACTCCC,74.5,1,0
oligo_055,TCAAGCGAGCTTTTGCCCTTCTGCTCCACGGGAGGTTTCT,78.3,1,0
oligo_056,AAAAGTCAGAAGGATCGTGAGGCCCCGCTTTCACGGTCT,70.6,1,0
oligo_057,ATGAACGCTTGGCCGCCACAAGCCAGTTATCCCTGTGGTA,75.1,1,0
oligo_058,GCTTGGTGAATTCTGCTTCACAATGATAGGAAGAGCCGAC,66.4,1,0
oligo_059,ACTAACCTGTCTCACGACGGTCTAAACCCAGCTCACGTTC,70.2,1,0
oligo_060,GTCTGAACCTGCGGTTCCTCTCGTACTGAGCAGGATTACT,74.6,1,0
oligo_061,GCGTTCAGTCATAATCCCACAGATGGTAGCTTCGCCCCAT,76,1,0
oligo_062,CTATCCGAGGCCAACCGAGGCTCCGCGGCGCTGCGGTATC,78.5,1,0
oligo_063,CCTTTCGTCCGCGCTCCGGTCCCGAGGCGAGCGGCTCTG,82.7,1,0
oligo_064,GGTCGTCTACGAATGATTTAGCACCAGGTTCCCCACGAAC,70.1,1,0
oligo_065,AGGGATGACTTTCAATAGATCGCAGCGAGGTAGCTGCTC,70.7,1,0
oligo_066,CTTTGAGACAAGCATATGCTACTGGCAGGATCAACCAGGT,68.6,1,0
oligo_067,ACTGATTTAATGAGCCATTCGCAGTTTCACTGTACCGGCC,70.5,1,0
oligo_068,GTCGGCATGTATTAGCTCTAGAATTACCACAGTTATCCAA,66.9,1,0
oligo_069,CCGGGGCGCGGGGGCCCCGGATTGGTTTTGGTCTGATAA,78.4,1,0
oligo_070,CATCCGAATGTATCGTCGCCGTCACGGGGACGTGCGATCG,70.7,1,0
oligo_071,CCTGATTCCCCGTTACCCGTGGTCACCATGGTAGGCGCA,79.5,1,0
oligo_072,GTAATTTGCGCGCCTGCTGCCTTCCTTGGATGTGGTAGCC,79,1,0
oligo_073,AAGAGTCCTGTATTGTTATTTTTCGTCACTACCTCCCCG,70.7,1,0
oligo_074,AGGATTTAAAGTGTACTCATTCCAATTACAGGGCCTCGA,65.2,1,0
oligo_075,TATACGCTATTGGAGCTGGAATTACCGCGGCTGCTGGCAC,71.3,1,0
oligo_076,TCGCCTCACGGCGGACCGCCAGCTCGATCCCAAGATCCAA,76.2,1,0
oligo_077,CCCCCGGGACACTCAGTCAAGAGCATCGGGGAGGCGCCG,78.8,1,0
oligo_078,CCTAGCTGAAGTATCCAGGCGACGCGGCCTGCTTGGAACA,74.2,1,0
oligo_079,GCCGTCCCTCTTAATCATGGCCCCAGTTCCGAAAACCAAC,72,1,0
oligo_080,GCTTTCGCTTTGGTTCGTCTTGCGCCGGTCCAAGAATTTC,74.4,1,0
oligo_081,GACGGTATCTGATCGTCTTCGAACCTCCGACTTTCGTTCT,70.4,1,0
oligo_082,AAGCTGCTCGGCGGGTCATGGGAATAACGCCGCCGGATCG,72.4,1,0
oligo_083,GTCAATTCCTTTAAGTTTCAGCTTTGCAACCATACTCCCC,70.7,1,0
oligo_084,CCGGGCCGGGTGAGGTTTCCCGTGTTGAGTCAAATTAAGC,73.9,1,0
oligo_085,GGCCATGCACCACCACCCACAGAATCGAGAAAGAGCTATC,70.1,1,0
oligo_086,GTTAGCATGGAGGAGTCTCGTTCGTTATCGGAATTAACCA,67.6,1,0
oligo_087,ATCTCGTGTGGCTGAACGCCACTTGTCCCTCTAAGAAGTT,72.3,1,0
oligo_088,CTGATCCGTTCAGTGTAGCGCGCGTGCAGCCCCGGACAT,78.7,1,0
oligo_089,ATCCCCGATCCCTATCACGAACGGGGTTCAACGGGTTAC,70.8,1,0
oligo_090,ACGCGAGCTTATGACCCGCACTTACTGGGAATTCCTCGT,71.1,1,0
oligo_091,ACCTCACTAAACCATCCAATCGGTAGTAGCGACGGGCGGT,70.4,1,0
oligo_092,TAGTCAAGTTTGATCGTCTTCTCGGCGCTCCGCCAGGGCC,79.3,1,0
oligo_093,GATCCTTCCGCAGGTTCACCTACGGAAACCTTGTTACGA,70,1,0
oligo_094,TCACACTAATTCTCGCAGCTAGCTGCGTTCTTCATCGACG,70.2,1,0
oligo_095,CGTAGCCCCGGGAGGAACCCGGGGCCGCAAGGTGCGTTC,80,1,0
oligo_096,GGGAATGCGGATGCTTGCATGTGTAAGTTCAGATAAAGTT,64.7,1,0
oligo_097,TCGTGGGCTGATGGTCGTGCCTGATACCGGCTCCTTATCC,79.1,1,0
oligo_098,ATCGCTCATGTTCAATGTTTATCACTGCTGAGTTCCCTT,71,1,0
oligo_099,TCTCGTATAACCGCGGCGGCTGGCACGAGATTGACCAACT,70.3,1,0
oligo_100,GCTAGGGTTTGACTCTAGTGAGGGTGAACCTTAATCACGC,70.6,1,0
oligo_101,AGTTCAGGTATGTTGGGTAGAGTTACTTTCGTTAGTGTTC,71.9,1,0
oligo_102,ATTGGTCAAGGTTTAAGGCTAGGCATAGTGGGGTATCTA,70.3,1,0
oligo_103,GGTTTGGGGCACCGCCAAGTCCTTTGGGTTTTAAGCTTGG,76.5,1,0
oligo_104,TAGGCGGGTTTGGCAAGAAGTGGTGAGGTTAAGCGGGGGG,73.7,1,0
oligo_105,GACGTATTGATGTTTGATCATTGAGCCTACTTGTGTCCCC,71.2,1,0
oligo_106,AAATGTAGCCCATTTCTTCCCACTTCATTTGCTACACCT,70.2,1,0
oligo_107,TCTCTCTTTACTGCTAAATCCGCCTTCTGATCTGGTTTCA,71.6,1,0
oligo_108,GGTGGTTTTTGGAAGAGGGTGACGGGCGGTGTGTGCGCGC,78,1,0
oligo_109,GCACCTTCCGGTGCGCTTACCATGTTACGACTTGCCTCTT,77,1,0
oligo_110,ATGGTTTAGTTGGTGGGGTTGGTGTAGGGGGTAATCTTTT,74.5,1,0
oligo_111,CACCTTTCCCTTGCGGTACTGGATATGTAGCTCTTAGACT,73.4,1,0
oligo_112,AGGTACGAGGGTTTTTCTCTGCTGTTTGTTGCTTTATTA,70.9,1,0
oligo_113,TTCTTTTTGCTTGACTAGGACTTGCTAGACCATTATGCA,67.8,1,0
oligo_114,AGAGACGGGTTGGCTCTAAAAAGCTGTCTCGGAGTAGCTC,70.2,1,0
oligo_115,AGCAACCAGCTATCACTAAGCTCGTTTGGTCTGTCACCCC,75.7,1,0
oligo_116,AGTGTTTTTTGCTTTGTTTGCTAATAACGGGACTTAGAGT,64.9,1,0
oligo_117,ATCTTTACCCATAGTTGTAGGTTGTATCCTGTTTCAACCA,70.4,1,0
oligo_118,GGGAGCTTTGACGCTTTCTTAACAGGTGGCTGCTTTTAGG,72.8,1,0
oligo_119,AGGGTTCGGAGGAGATGTCGGTATTGGCGGAAGGTATAT,70,1,0
oligo_120,GGTAGATTCACATTACTAGTTCTAGCATAGGTGCTTCAA,67.6,1,0
oligo_121,TCAGTGATTAATTCGATCTGATTTACACTTGCATTTTAGA,60.2,1,0
oligo_122,AGGTTAACGGTGTTGTGTTCAGGGTTTTCTTGGGTTGTTG,73.3,1,0
oligo_123,AAACAGGCGGGGTTCACTTTTGCCGAGTTCCTTCTGCATC,74.1,1,0
oligo_124,GAACATATAGTCACTGGGCAGGCTGGACCTCTTATACGT,70.2,1,0
oligo_125,AGTGATTACGCTACCTTTGCACGGTCAGAATACCGCGGC,70.3,1,0
oligo_126,ATGGATTGGATGCAGGAGACAGTTGAACCTTCGTGGTGC,70.3,1,0
oligo_127,AAAGCTCCATAGGGTCTTCTCGTCTTATGGGAATATCCC,70.1,1,0
oligo_128,TTAGGTCATTGTTGCTTAATTGTCTGTTTTCCCGTGTGGG,72.2,1,0
oligo_129,GAGGGTAAGGCCCCGTACATCAAGGAGGATTTTTTTTTCT,70.1,1,0
oligo_130,GTGGTCAAATGTTTTGTTACTTAGAACTGTCGTTCTTGGT,66.3,1,0
oligo_131,AATGGATTGCGCTGTTATCCCTAGGGTAACTTGGTTCGT,70.3,1,0
oligo_132,CGGCTGCACCACTGGGATGCCCTGATCCAACATCGAGGTC,76.4,1,0
oligo_133,ACCTGGATTACTCCGGTCTGAACTCAGATCACGTAGGGCT,72.8,1,0
oligo_134,TTGTTTGTGACATAGACCTCATTTTCTCGGTCCTTTCGTA,70.4,1,0
oligo_135,GCCCTTATCTTGGGCTGAAGTTGTTAGTCCTTTATTCAAT,71,1,0
oligo_136,CCCTGCTTAGCTTCCGAGATCAGACGAGATCGGGCGCTT,75,2,0
oligo_137,TTCCCAGGCGGTCTCCCATCCARGTACTAACCARGCCCGT,79.9,2,2